average_similarity,max_similarity,min_similarity,num_examples,round,task_name
0.97975093126297,0.9871155023574829,0.9750096797943115,3,0,code_optimization
0.9714304804801941,0.9871155023574829,0.9500483274459839,3,1,code_optimization
0.9714304804801941,0.9871155023574829,0.9500483274459839,3,3,code_optimization
0.9714304804801941,0.9871155023574829,0.9500483274459839,3,5,code_optimization
0.9714304804801941,0.9871155023574829,0.9500483274459839,3,10,code_optimization
0.9714304804801941,0.9871155023574829,0.9500483274459839,3,50,code_optimization
