average_similarity,max_similarity,min_similarity,num_examples,round,task_name
0.9760469794273376,0.9771276116371155,0.9750096797943115,3,0,code_optimization
0.9677265286445618,0.9771276116371155,0.9500483274459839,3,1,code_optimization
0.9677265286445618,0.9771276116371155,0.9500483274459839,3,3,code_optimization
0.9677265286445618,0.9771276116371155,0.9500483274459839,3,5,code_optimization
0.9677265286445618,0.9771276116371155,0.9500483274459839,3,10,code_optimization
0.9664514064788818,0.9771276116371155,0.9500483274459839,3,50,code_optimization
