average_similarity,max_similarity,min_similarity,num_examples,round,task_name
0.7424888213475546,0.8124406337738037,0.6733432412147522,3,0,summarization
0.7394383549690247,0.7818270921707153,0.7015226483345032,3,1,summarization
0.7242460052172343,0.7639206051826477,0.6971830725669861,3,3,summarization
0.7112304170926412,0.7639206051826477,0.6695280075073242,3,5,summarization
0.7207272052764893,0.7883920073509216,0.6524065732955933,3,10,summarization
0.7167141238848368,0.7583240866661072,0.6646866202354431,3,50,summarization
